<?xml version="1.0"?>
<config xmlns:xsi="http://www.w3.org/2001/XMLSchema-instance" xsi:noNamespaceSchemaLocation="urn:magento:module:Magento_Config:etc/system_file.xsd">
    <system>
        <tab id="clerk" translate="label" sortOrder="210">
            <label>Clerk</label>
        </tab>
        <section id="clerk" translate="label" type="text" sortOrder="10" showInDefault="0" showInWebsite="1" showInStore="1">
            <label>Configuration</label>
            <tab>clerk</tab>
            <resource>Clerk_Clerk::config</resource>
            <group id="general" translate="label" type="text" sortOrder="10" showInDefault="0" showInWebsite="1" showInStore="1">
                <label>General</label>
                <field id="version" translate="label" type="text" sortOrder="10" showInDefault="0" showInWebsite="1" showInStore="1">
                    <label>Version</label>
                    <frontend_model>Clerk\Clerk\Block\System\Config\Form\Field\Version</frontend_model>
                </field>
                <field id="public_key" translate="label" type="text" sortOrder="20" showInDefault="0" showInWebsite="1" showInStore="1">
                    <label>Public Key</label>
                    <backend_model>Magento\Config\Model\Config\Backend\Encrypted</backend_model>
                </field>
                <field id="private_key" translate="label" type="text" sortOrder="30" showInDefault="0" showInWebsite="1" showInStore="1">
                    <label>Private Key</label>
                    <backend_model>Magento\Config\Model\Config\Backend\Encrypted</backend_model>
                </field>
                <field id="include_pages" translate="label" type="select" sortOrder="40" showInDefault="0" showInWebsite="1" showInStore="1">
                    <label>Include Pages</label>
                    <source_model>Magento\Config\Model\Config\Source\Yesno</source_model>
                </field>
                <field id="pages_additional_fields" translate="label" type="text" sortOrder="50" showInDefault="0" showInWebsite="1" showInStore="1">
                    <label>Additional Fields for Pages</label>
                    <comment>A comma separated list of additional fields to sync to Clerk.io</comment>
                </field>
                <field id="language" translate="label" type="select" sortOrder="60" showInDefault="0" showInWebsite="1" showInStore="1">
                    <label>Language</label>
                    <source_model>Clerk\Clerk\Model\Config\Source\Language</source_model>
                </field>
            </group>
            <group id="product_synchronization" translate="label" type="text" sortOrder="20" showInDefault="0" showInWebsite="1" showInStore="1">
                <label>Synchronization</label>
                <field id="use_realtime_updates" translate="label" type="select" sortOrder="10" showInDefault="0" showInWebsite="1" showInStore="1">
                    <label>Use Real-time Updates</label>
                    <source_model>Magento\Config\Model\Config\Source\Yesno</source_model>
                </field>
                <field id="collect_emails" translate="label" type="select" sortOrder="20" showInDefault="0" showInWebsite="1" showInStore="1">
                    <label>Collect Emails</label>
                    <source_model>Magento\Config\Model\Config\Source\Yesno</source_model>
                </field>
                <field id="additional_fields" translate="label comment" type="text" sortOrder="30" showInDefault="0" showInWebsite="1" showInStore="1">
                    <label>Additional Fields</label>
                    <comment>A comma separated list of additional fields to sync to Clerk.io</comment>
                </field>
                <field id="saleable_only" translate="label" type="select" sortOrder="40" showInDefault="0" showInWebsite="1" showInStore="1">
                    <label>Only synchronize saleable products</label>
                    <source_model>Magento\Config\Model\Config\Source\Yesno</source_model>
                </field>
                <field id="visibility" translate="label" type="select" sortOrder="50" showInDefault="0" showInWebsite="1" showInStore="1">
                    <label>Only synchronize product with visibility</label>
                    <source_model>Clerk\Clerk\Model\Config\Source\Visibility</source_model>
                </field>
                <field id="disable_order_synchronization" translate="label" type="select" sortOrder="60" showInDefault="0" showInWebsite="1" showInStore="1">
                    <label>Disable order synchronization</label>
                    <source_model>Magento\Config\Model\Config\Source\Yesno</source_model>
                </field>
                <field id="image_type" translate="label comment" type="select" sortOrder="80" showInDefault="0" showInWebsite="1" showInStore="1">
                    <label>Image type</label>
                    <comment>Select image type to send to Clerk</comment>
                    <source_model>Clerk\Clerk\Model\Config\Source\ImageType</source_model>
                </field>
            </group>
            <group id="customer_synchronization" translate="label" type="text" sortOrder="20" showInDefault="0" showInWebsite="1" showInStore="1">
                <label>Customer Synchronization</label>
                <field id="enabled" translate="label" type="select" sortOrder="10" showInDefault="0" showInWebsite="1" showInStore="1">
                    <label>Enable</label>
                    <source_model>Magento\Config\Model\Config\Source\Yesno</source_model>
                </field>
                <field id="extra_attributes" translate="label" type="text" sortOrder="10" showInDefault="0" showInWebsite="1" showInStore="1">
                    <label>Extra Customer Attributes</label>
                    <comment>A comma separated list of customer attributes</comment>
                </field>
            </group>
            <group id="search" translate="label" type="text" sortOrder="30" showInDefault="0" showInWebsite="1" showInStore="1">
                <label>Search Settings</label>
                <field id="enabled" translate="label" type="select" sortOrder="10" showInDefault="0" showInWebsite="1" showInStore="1">
                    <label>Enabled</label>
                    <source_model>Magento\Config\Model\Config\Source\Yesno</source_model>
                </field>
                <field id="template" translate="label" type="text" sortOrder="20" showInDefault="0" showInWebsite="1" showInStore="1">
                    <label>Content</label>
                    <depends>
                        <field id="*/*/enabled">1</field>
                    </depends>
                </field>
                <field id="load_more_text" translate="label" type="text" sortOrder="30" showInDefault="0" showInWebsite="1" showInStore="1">
                    <label>Load more button text</label>
                    <depends>
                        <field id="*/*/enabled">1</field>
                    </depends>
                </field>
                <field id="no_results_text" translate="label" type="text" sortOrder="40" showInDefault="0" showInWebsite="1" showInStore="1">
                    <label>No results text</label>
                    <depends>
                        <field id="*/*/enabled">1</field>
                    </depends>
                </field>
            </group>
            <group id="faceted_search" translate="label" type="text" sortOrder="35" showInDefault="0" showInWebsite="1" showInStore="1">
                <label>Faceted Search Settings</label>
                <frontend_model>Clerk\Clerk\Block\Adminhtml\System\Config\Fieldset\FacetedSearch</frontend_model>
                <field id="enabled" translate="label" type="select" sortOrder="10" showInDefault="0" showInWebsite="1" showInStore="1">
                    <label>Enabled</label>
                    <source_model>Magento\Config\Model\Config\Source\Yesno</source_model>
                </field>
                <field id="attributes" translate="label" type="multiselect" sortOrder="20" showInDefault="0" showInWebsite="1" showInStore="1">
                    <label>Attributes</label>
                    <source_model>Clerk\Clerk\Model\Config\Source\FacetAttributes</source_model>
                    <depends>
                        <field id="*/*/enabled">1</field>
                    </depends>
                </field>
                <field id="multiselect_attributes" translate="label" type="multiselect" sortOrder="30" showInDefault="0" showInWebsite="1" showInStore="1">
                    <label>Multiselect Attributes</label>
                    <frontend_model>Clerk\Clerk\Block\Adminhtml\System\Config\Field\MultiselectFacetAttributes</frontend_model>
                    <source_model>Clerk\Clerk\Model\Config\Source\MultiselectFacetAttributes</source_model>
                    <can_be_empty>1</can_be_empty>
                    <depends>
                        <field id="*/*/enabled">1</field>
                    </depends>
                </field>
                <field id="titles" translate="label" sortOrder="40" showInDefault="0" showInWebsite="1" showInStore="1">
                    <label>Titles</label>
                    <frontend_model>Clerk\Clerk\Block\Adminhtml\System\Config\Field\FacetTitles</frontend_model>
                    <backend_model>Clerk\Clerk\Model\Config\Backend\FacetTitles</backend_model>
                    <depends>
                        <field id="*/*/enabled">1</field>
                    </depends>
                </field>
            </group>
            <group id="livesearch" translate="label" type="text" sortOrder="40" showInDefault="0" showInWebsite="1" showInStore="1">
                <label>Live Search Settings</label>
                <field id="enabled" translate="label" type="select" sortOrder="10" showInDefault="0" showInWebsite="1" showInStore="1">
                    <label>Enabled</label>
                    <source_model>Magento\Config\Model\Config\Source\Yesno</source_model>
                </field>
                <field id="include_categories" translate="label" type="select" sortOrder="20" showInDefault="0" showInWebsite="1" showInStore="1">
                    <label>Include Categories</label>
                    <source_model>Magento\Config\Model\Config\Source\Yesno</source_model>
                </field>
                <field id="suggestions" translate="label" type="select" sortOrder="30" showInDefault="0" showInWebsite="1" showInStore="1">
                    <label>Number of Suggestions</label>
                    <source_model>Clerk\Clerk\Model\Config\Source\Numbers</source_model>
                </field>
                <field id="categories" translate="label" type="select" sortOrder="40" showInDefault="0" showInWebsite="1" showInStore="1">
                    <label>Number of Categories</label>
                    <source_model>Clerk\Clerk\Model\Config\Source\Numbers</source_model>
                </field>
                <field id="pages" translate="label" type="select" sortOrder="50" showInDefault="0" showInWebsite="1" showInStore="1">
                    <label>Number of Pages</label>
                    <source_model>Clerk\Clerk\Model\Config\Source\Numbers</source_model>
                </field>
                <field id="pages_type" translate="label" type="select" sortOrder="50" showInDefault="0" showInWebsite="1" showInStore="1">
                    <label>Pages Type</label>
                    <source_model>Clerk\Clerk\Model\Config\Source\PagesType</source_model>
                </field>
                <field id="dropdown_position" translate="label" type="select" sortOrder="55" showInDefault="0" showInWebsite="1" showInStore="1">
                    <label>Dropdown Positioning</label>
                    <source_model>Clerk\Clerk\Model\Config\Source\DropDownPosition</source_model>
                </field>
                <field id="template" translate="label" type="text" sortOrder="60" showInDefault="0" showInWebsite="1" showInStore="1">
                    <label>Content</label>
                    <depends>
                        <field id="*/*/enabled">1</field>
                    </depends>
                </field>
                <field id="input_selector" translate="label" type="text" sortOrder="65" showInDefault="0" showInWebsite="1" showInStore="1">
                    <label>Input Selector</label>
                    <depends>
                        <field id="*/*/enabled">1</field>
                    </depends>
                </field>
                <field id="form_selector" translate="label" type="text" sortOrder="70" showInDefault="0" showInWebsite="1" showInStore="1">
                    <label>Form Selector</label>
                    <depends>
                        <field id="*/*/enabled">1</field>
                    </depends>
                </field>
            </group>
            <group id="powerstep" translate="label" type="text" sortOrder="50" showInDefault="0" showInWebsite="1" showInStore="1">
                <label>Powerstep</label>
                <field id="enabled" translate="label" type="select" sortOrder="10" showInDefault="0" showInWebsite="1" showInStore="1">
                    <label>Enabled</label>
                    <source_model>Magento\Config\Model\Config\Source\Yesno</source_model>
                </field>
                <field id="type" translate="label" type="select" sortOrder="20" showInDefault="0" showInWebsite="1" showInStore="1">
                    <label>Type</label>
                    <source_model>Clerk\Clerk\Model\Config\Source\PowerstepType</source_model>
                    <depends>
                        <field id="*/*/enabled">1</field>
                    </depends>
                </field>
                <field id="templates" translate="label comment" type="text" sortOrder="30" showInDefault="0" showInWebsite="1" showInStore="1">
                    <label>Content</label>
                    <comment>A comma separated list of clerk content to render</comment>
                    <depends>
                        <field id="*/*/enabled">1</field>
                    </depends>
                </field>
            </group>
            <group id="exit_intent" translate="label" type="text" sortOrder="60" showInDefault="0" showInWebsite="1" showInStore="1">
                <label>Exit Intent</label>
                <field id="enabled" translate="label" type="select" sortOrder="10" showInDefault="0" showInWebsite="1" showInStore="1">
                    <label>Enabled</label>
                    <source_model>Magento\Config\Model\Config\Source\Yesno</source_model>
                </field>
                <field id="template" translate="label" type="text" sortOrder="20" showInDefault="0" showInWebsite="1" showInStore="1">
                    <label>Content</label>
                    <depends>
                        <field id="*/*/enabled">1</field>
                    </depends>
                </field>
            </group>
            <group id="category" translate="label" type="text" sortOrder="70" showInDefault="0" showInWebsite="1" showInStore="1">
                <label>Category Settings</label>
                <field id="enabled" translate="label" type="select" sortOrder="10" showInDefault="0" showInWebsite="1" showInStore="1">
                    <label>Enabled</label>
                    <source_model>Magento\Config\Model\Config\Source\Yesno</source_model>
                </field>
                <field id="content" translate="label" type="text" sortOrder="20" showInDefault="0" showInWebsite="1" showInStore="1">
                    <label>Content</label>
                    <depends>
                        <field id="*/*/enabled">1</field>
                    </depends>
                </field>
            </group>
            <group id="product" translate="label" type="text" sortOrder="80" showInDefault="0" showInWebsite="1" showInStore="1">
                <label>Product Settings</label>
                <field id="enabled" translate="label" type="select" sortOrder="10" showInDefault="0" showInWebsite="1" showInStore="1">
                    <label>Enabled</label>
                    <source_model>Magento\Config\Model\Config\Source\Yesno</source_model>
                </field>
                <field id="content" translate="label" type="text" sortOrder="20" showInDefault="0" showInWebsite="1" showInStore="1">
                    <label>Content</label>
                    <depends>
                        <field id="*/*/enabled">1</field>
                    </depends>
                </field>
            </group>
            <group id="cart" translate="label" type="text" sortOrder="90" showInDefault="0" showInWebsite="1" showInStore="1">
                <label>Cart Settings</label>
                <field id="enabled" translate="label" type="select" sortOrder="10" showInDefault="0" showInWebsite="1" showInStore="1">
                    <label>Enabled</label>
                    <source_model>Magento\Config\Model\Config\Source\Yesno</source_model>
                </field>
                <field id="content" translate="label" type="text" sortOrder="20" showInDefault="0" showInWebsite="1" showInStore="1">
                    <label>Content</label>
                    <depends>
                        <field id="*/*/enabled">1</field>
                    </depends>
                </field>
            </group>
            <group id="log" translate="label" type="text" sortOrder="95" showInDefault="0" showInWebsite="1" showInStore="1">
                <label>Logging Settings</label>
                <field id="enabled" translate="label" type="select" sortOrder="10" showInDefault="0" showInWebsite="1" showInStore="1">
                    <label>Enabled</label>
                    <source_model>Magento\Config\Model\Config\Source\Yesno</source_model>
                </field>
                <field id="level" translate="label" type="select" sortOrder="20" showInDefault="0" showInWebsite="1" showInStore="1">
                    <label>Choose logging level</label>
                    <source_model>Clerk\Clerk\Model\Config\Source\LoggerLevel</source_model>
                </field>
                <field id="to" translate="label" type="select" sortOrder="30" showInDefault="0" showInWebsite="1" showInStore="1">
                    <label>Choose where to log</label>
                    <source_model>Clerk\Clerk\Model\Config\Source\LoggerTo</source_model>
                </field>
                <field id="link" translate="label" type="link" sortOrder="40" showInDefault="0" showInWebsite="1" showInStore="1">
                    <label>Log file</label>
                    <depends>
                        <field id="*/*/to">file</field>
                    </depends>
                    <comment>/var/log/clerk_log.log</comment>
                </field>
            </group>
        </section>
    </system>
</config>